<?xml version="1.0" encoding="utf-8"?>
<!DOCTYPE install PUBLIC "-//Joomla! 3.5//DTD template 1.0//EN" "http://www.joomla.org/xml/dtd/2.5/template-install.dtd">

<extension version="3.5" type="template" client="site" method="upgrade">
	
	<name>Sprung17Pseudo</name><!-- name the template -->
	<creationDate>2017-04-12</creationDate><!-- the date your are beginn to code -->
	<author>David Lengweiler</author><!-- your name (oops, I repeat myself) -->
	<copyright>Copyright © David Lengweiler d-leng.com</copyright><!-- for who you are coding -->
	<authorEmail>me@d-leng.com</authorEmail><!-- your email address -->
	<authorUrl>http://www.d-leng.com</authorUrl><!-- your url -->
	<version>1.0.0</version><!-- give your template a number -->
	<description><![CDATA[ 
		<h1>Sprungbraett 17</h1>
		<p>Created by <a href="http://www.dleng.com" target="_blank">David Lengweiler | d-leng.com</a>.</p>
	]]></description><!-- change the description as you like -->
	
	<files><!-- no need to change -->
		<folder>css</folder>
		<folder>images</folder>
		<folder>js</folder>
		<filename>component.php</filename>
		<filename>error.php</filename>
		<filename>index.php</filename>
		<filename>logic.php</filename>
		<filename>offline.php</filename>
		<filename>template_preview.png</filename>
		<filename>template_thumbnail.png</filename>
		<filename>favicon.ico</filename>
		<filename>templateDetails.xml</filename>
	</files>
	
	<positions><!-- define the positions for modules here -->
		<position>mainMenu</position>
		<position>mobileMenu</position>
		<position>slide03</position>
		<position>debug</position>
	</positions>
	
</extension>
